[{
        "totalSize": "96 MB",
        "type": "Local Disk",
        "displayText": "Local Disk (F:)",
        "hasChild": false,
        "contentsList": [

        ]
    },
    {
        "totalSize": "199 GB",
        "type": "Local Disk",
        "displayText": "Local Disk (C:)",
        "hasChild": true,
        "contentsList": [{
                "totalSize": "100 GB",
                "type": "File Folder",
                "displayText": "Program Files",
                "hasChild": true,
                "contentsList": [{
                        "totalSize": "60 MB",
                        "type": "File Folder",
                        "displayText": "Common Files",
                        "hasChild": false,
                        "contentsList": [

                        ]
                    },
                    {
                        "totalSize": "0 bytes",
                        "type": "File Folder",
                        "displayText": "Intel",
                        "hasChild": false,
                        "contentsList": [

                        ]
                    },
                    {
                        "totalSize": "205 MB",
                        "type": "File Folder",
                        "displayText": "Java",
                        "hasChild": false,
                        "contentsList": [

                        ]
                    },
                    {
                        "totalSize": "2.93 GB",
                        "type": "File Folder",
                        "displayText": "Microsoft Office",
                        "hasChild": false,
                        "contentsList": [

                        ]
                    }
                ]
            },
            {
                "totalSize": "5 GB",
                "type": "File Folder",
                "displayText": "Users",
                "hasChild": true,
                "contentsList": [{
                        "totalSize": "0 bytes",
                        "type": "File Folder",
                        "displayText": "Default",
                        "hasChild": false,
                        "contentsList": [

                        ]
                    },
                    {
                        "totalSize": "24 KB",
                        "type": "File Folder",
                        "displayText": "Public",
                        "hasChild": false,
                        "contentsList": [

                        ]
                    },
                    {
                        "totalSize": "0 bytes",
                        "type": "File Folder",
                        "displayText": "Admin",
                        "hasChild": false,
                        "contentsList": [

                        ]
                    }
                ]
            },
            {
                "totalSize": "8 bytes",
                "type": "File Folder",
                "displayText": "Temp",
                "hasChild": true,
                "contentsList": [{
                    "totalSize": 0,
                    "type": 16.0,
                    "displayText": "01/2017 SUVE0000 New York, NY",
                    "hasChild": false,
                    "contentsList": [

                    ]
                }]
            },
            {
                "totalSize": "0 bytes",
                "type": "File Folder",
                "displayText": "PerfLogs",
                "hasChild": false,
                "contentsList": [

                ]
            },
            {
                "totalSize": "10 GB",
                "type": "File Folder",
                "displayText": "Windows",
                "hasChild": false,
                "contentsList": [

                ]
            },
            {
                "totalSize": "10 MB",
                "type": "File Folder",
                "displayText": "ProgramData",
                "hasChild": false,
                "contentsList": [

                ]
            }
        ]
    },
    {
        "totalSize": "731 GB",
        "type": "Local Disk",
        "displayText": "Local Disk (D:)",
        "hasChild": true,
        "contentsList": [{
            "totalSize": "2 GB",
            "type": "File Folder",
            "displayText": "Instant Search Code",
            "hasChild": true,
            "contentsList": [{
                    "totalSize": "4 KB",
                    "type": "JSON File",
                    "displayText": "angular.json",
                    "hasChild": false,
                    "contentsList": [

                    ]
                },
                {
                    "totalSize": "2 KB",
                    "type": "JSON File",
                    "displayText": "package.json",
                    "hasChild": false,
                    "contentsList": [

                    ]
                },
                {
                    "totalSize": "2 KB",
                    "type": "Javascript File",
                    "displayText": "karma.conf",
                    "hasChild": false,
                    "contentsList": [

                    ]
                },
                {
                    "totalSize": "1 KB",
                    "type": "Text Document",
                    "displayText": ".gitignore",
                    "hasChild": false,
                    "contentsList": [

                    ]
                },
                {
                    "totalSize": "1 KB",
                    "type": "File",
                    "displayText": "browserslist",
                    "hasChild": false,
                    "contentsList": [

                    ]
                },
                {
                    "totalSize": "17 KB",
                    "type": "File Folder",
                    "displayText": "src",
                    "hasChild": false,
                    "contentsList": [

                    ]
                },
                {
                    "totalSize": "1 GB",
                    "type": "File Folder",
                    "displayText": "node_modules",
                    "hasChild": false,
                    "contentsList": [

                    ]
                }
            ]
        }]
    },
    {
        "totalSize": "2.53 MB",
        "type": "System Folder",
        "displayText": "Music",
        "hasChild": false,
        "contentsList": [

        ]
    },
    {
        "totalSize": "2.53 MB",
        "type": "System Folder",
        "displayText": "Pictures",
        "hasChild": false,
        "contentsList": [

        ]
    }
]