 [
  {
  "userId":"rirani",
  "jobTitle":"Developer", 
  "firstName":"Romin",
  "lastName":"Irani",
  "employeeCode":"E1",
  "region":"CA",
  "phoneNumber":"408-1234567",
  "emailAddress":"romin.k.irani@gmail.com"
  },
  {
  "userId":"nirani",
  "jobTitle":"Developer",
  "firstName":"Neil",
  "lastName":"Irani",
  "employeeCode":"E2",
  "region":"CA",
  "phoneNumber":"408-1111111",
  "emailAddress":"neilrirani@gmail.com"
  },
  {
  "userId":"thanks",
  "jobTitle":"Program Directory",
  "firstName":"Tom",
  "lastName":"Hanks",
  "employeeCode":"E3",
  "region":"CA",
  "phoneNumber":"408-2222222",
  "emailAddress":"tomhanks@gmail.com"
  },
  {
    "userId":"roy",
    "jobTitle":"Software Developer",
    "firstName":"Rahul",
    "lastName":"Roy",
    "employeeCode":"A12",
    "region":"AL",
    "phoneNumber":"408-1234567",
    "emailAddress":"roy.irani@gmail.com"
    },
    {
    "userId":"saurav",
    "jobTitle":"Manager",
    "firstName":"Saurav",
    "lastName":"Aryan",
    "employeeCode":"B2",
    "region":"CH",
    "phoneNumber":"908-1111111",
    "emailAddress":"saurav@gmail.com"
    },
    {
      "userId":"catherin",
      "jobTitle":"Director",
      "firstName":"Flory",
      "lastName":"Catherin",
      "employeeCode":"D11",
      "region":"FA",
      "phoneNumber":"208-745455",
      "emailAddress":"catherin@gmail.com"
      },
      {
        "userId":"roy",
        "jobTitle":"Program Architect",
        "firstName":"Ashish",
        "lastName":"Roy",
        "employeeCode":"C11",
        "region":"AI",
        "phoneNumber":"545-222222",
        "emailAddress":"ashish@gmail.com"
        },
        {
          "userId":"amrita",
          "jobTitle":"Program Tester",
          "firstName":"amrita",
          "lastName":"Rathod",
          "employeeCode":"F11",
          "region":"AI",
          "phoneNumber":"208-222222",
          "emailAddress":"amrita@gmail.com"
          },
          {
            "userId":"avi",
            "jobTitle":"Developer",
            "firstName":"Avi",
            "lastName":"Pal",
            "employeeCode":"A14",
            "region":"AI",
            "phoneNumber":"020-8452222",
            "emailAddress":"avi@gmail.com"
            },
        {
          "userId":"amitSurana",
          "jobTitle":"Program Manager",
          "firstName":"Amit",
          "lastName":"Surana",
          "employeeCode":"A11",
          "region":"AI",
          "phoneNumber":"208-222222",
          "emailAddress":"amitS@gmail.com"
          },
          {
            "userId":"Ajay",
            "jobTitle":"Program Developer",
            "firstName":"Ajay",
            "lastName":"Gupta",
            "employeeCode":"B11",
            "region":"AI",
            "phoneNumber":"208-222222",
            "emailAddress":"amit@gmail.com"
            }
  ]