[
    {
        "date": "2017-06-30T18:30:00.000Z",
        "Ram": 359,
        "Laptops": 0,
        "Processor": 23
    },
    {
        "date": "2017-07-31T18:30:00.000Z",
        "Ram": 828,
        "Laptops": 1,
        "Processor": 30
    },
    {
        "date": "2017-08-31T18:30:00.000Z",
        "Ram": 788,
        "Laptops": 81,
        "Processor": 70
    },
    {
        "date": "2017-09-30T18:30:00.000Z",
        "Ram": 503,
        "Laptops": 132,
        "Processor": 128
    },
    {
        "date": "2017-10-31T18:30:00.000Z",
        "Ram": 844,
        "Laptops": 287,
        "Processor": 106
    },
    {
        "date": "2017-11-30T18:30:00.000Z",
        "Ram": 1725,
        "Laptops": 114,
        "Processor": 131
    },
    {
        "date": "2017-12-31T18:30:00.000Z",
        "Ram": 2761,
        "Laptops": 83,
        "Processor": 324
    },
    {
        "date": "2018-01-31T18:30:00.000Z",
        "Ram": 2120,
        "Laptops": 42,
        "Processor": 361
    },
    {
        "date": "2018-02-28T18:30:00.000Z",
        "Ram": 1205,
        "Laptops": 32,
        "Processor": 172
    },
    {
        "date": "2018-03-31T18:30:00.000Z",
        "Ram": 477,
        "Laptops": 48,
        "Processor": 57
    },
    {
        "date": "2018-04-30T18:30:00.000Z",
        "Ram": 508,
        "Laptops": 49,
        "Processor": 37
    }
]